Belted Kingfisher, Ocean Beach, San Diego,CA, 2026-01-02, belted_kingfisher.JPEG
American White Pelican, Ocean Beach, San Diego,CA, 2026-01-02, american_white_pelican.JPEG
White-Crowned Sparrow, San Elijo Lagoon, San Diego,CA, 2025-12-29, white_crowned_sparrow.JPEG
Great Blue Heron, San Elijo Lagoon, San Diego,CA, 2025-12-29,great_blue_heron.JPEG
Black-Crowned Night Heron, San Elijo Lagoon, San Diego,CA, 2025-12-29,black_crowned_night_heron.JPEG
California Thrasher, San Elijo Lagoon, San Diego,CA, 2025-12-29,california_thrasher.JPEG
Heermann's Gull,La Jolla Cove,San Diego,CA, 2025-12-23,heermanns_gull.JPEG
Island Scrub Jay,Santa Cruz Island,Ventura,CA, 2025-11-09,island_scrub_jay.JPEG
Acorn Woodpecker,Descanso Gardens,La Canada Flintridge,CA,2025-08-02,acorn_woodpecker.JPEG
Snowy Egret,Malibu Creek State Park,Calabasas,CA,2025-07-20,snowy_egret.JPEG
Turkey Vulture,Malibu Creek State Park,Calabasas,CA,2025-07-20,turkey_vulture.JPEG
Red-Whiskered Bulbul,Huntington Gardens,San Marino,CA,2025-07-18,red_whiskered_bulbul.JPEG
Pin-Tailed Whydah,Los Angeles Arboretum,Arcadia,CA,2025-07-18,pin_tailed_whydah.JPEG
Mourning Dove,Los Angeles Arboretum,Arcadia,CA,2025-07-18,mourning_dove.JPEG
Bewick's Wren,Los Angeles Arboretum,Arcadia,CA,2025-07-18,bewicks_wren.JPEG
Ash-Throated Flycatcher, Ed Davis Park,Newhall,CA, 2025-07-12, ash_throated_flycatcher.jpeg
Spotted Towhee, Ed Davis Park,Newhall,CA, 2025-07-12,spotted_towhee.JPEG
California Quail, Ed Davis Park,Newhall,CA, 2025-07-12,california_quail.JPEG
Brown-Headed Cowbird,Sepulveda Basin,Van Nuys,CA,2025-07-06,brown_headed_cowbird.JPEG
Red-Winged Blackbird,Sepulveda Basin,Van Nuys,CA,2025-07-06,red_winged_blackbird.JPEG
Blue Grosbeak,Sepulveda Basin,Van Nuys,CA,2025-07-06,blue_grosbeak.JPEG
White-Breasted Nuthatch,Sepulveda Basin,Van Nuys,CA,2025-07-06,white_breasted_nuthatch.JPEG
Great-Horned Owl,Sepulveda Basin,Van Nuys,CA,2025-07-06,great_horned_owl.JPEG
Western Bluebird,Sepulveda Basin,Van Nuys,CA,2025-07-06,western_bluebird.JPEG
California Scrub Jay,Santa Susana Pass,Los Angeles,CA,2025-07-04,california_scrub_jay.JPEG
Black Phoebe,Japanese Friendship Garden,San Diego,CA,2025-03-29,black_phoebe.JPEG
Townsend's Warbler,Japanese Friendship Garden,San Diego,CA,2025-03-29,townsends_warbler.JPEG
House Sparrow,La Jolla Cove,San Diego,CA,2024-09-19,house_sparrow.JPEG
Northern Cardinal,United States Botanic Garden,Washington,DC,2024-09-13,northern_cardinal.JPEG
Gray Catbird,United States Botanic Garden,Washington,DC,2024-09-13,gray_catbird.JPEG
Downy Woodpecker,Rock Creek Park,Washington,DC,2024-09-13,downy_woodpecker.JPEG
Red-Bellied Woodpecker,Rock Creek Park,Washington,DC,2024-09-13,red_bellied_woodpecker.JPEG
American Robin,Rock Creek Park,Washington,DC,2024-09-13,american_robin.JPEG
Black Vulture,Theodore Roosevelt Island,Washington,DC,2024-09-12,black_vulture.JPEG
Northern Mockingbird,Kenilworth Park,Washington,DC,2024-09-12,northern_mockingbird.JPEG
Brandt's Cormorant,La Jolla Cove,San Diego,CA,2024-06-19,brandts_cormorant.JPEG
Western Gull,La Jolla Cove,San Diego,CA,2024-06-19,western_gull.JPEG
Greater Roadrunner,Nob Hill,Albuquerque,NM,2023-07-02,greater_roadrunner.JPEG
Rock Pigeon,National Mall,Washington,DC,2024-09-13,rock_pigeon.JPEG
